{"cameraMode":{"drawMode":0,"name":"Shaded","section":"Shading Mode"},"sceneLighting":true,"audioPlay":false,"sceneViewState":{"showFog":true,"showMaterialUpdate":false,"showSkybox":true,"showFlares":true,"showImageEffects":true,"showParticleSystems":true},"in2DMode":false,"pivot":{"x":0.19674324989318849,"y":1.4896668195724488,"z":-1.5791783332824708},"rotation":{"x":-0.025399083271622659,"y":-0.9745990633964539,"z":0.15659205615520478,"w":-0.15808406472206117},"size":22.986530303955079,"orthographic":false}