{"cameraMode":{"drawMode":0,"name":"Shaded","section":"Shading Mode"},"sceneLighting":true,"audioPlay":false,"sceneViewState":{"showFog":true,"showMaterialUpdate":false,"showSkybox":true,"showFlares":true,"showImageEffects":true,"showParticleSystems":true},"in2DMode":false,"pivot":{"x":56.45061492919922,"y":20.564590454101564,"z":6.453853607177734},"rotation":{"x":0.1943434178829193,"y":-0.5722869634628296,"z":0.14186875522136689,"w":0.7839588522911072},"size":22.0,"orthographic":false}