{"cameraMode":{"drawMode":0,"name":"Shaded","section":"Shading Mode"},"sceneLighting":true,"audioPlay":false,"sceneViewState":{"showFog":true,"showMaterialUpdate":false,"showSkybox":true,"showFlares":true,"showImageEffects":true,"showParticleSystems":true},"in2DMode":false,"pivot":{"x":-0.6514511108398438,"y":1.6124911308288575,"z":1.3820075988769532},"rotation":{"x":0.14657829701900483,"y":0.05189987272024155,"z":-0.007701908703893423,"w":0.9878066182136536},"size":11.424110412597657,"orthographic":false}