{"cameraMode":{"drawMode":0,"name":"Shaded","section":"Shading Mode"},"sceneLighting":true,"audioPlay":false,"sceneViewState":{"showFog":true,"showMaterialUpdate":false,"showSkybox":true,"showFlares":true,"showImageEffects":true,"showParticleSystems":true},"in2DMode":false,"pivot":{"x":66.00554656982422,"y":-1.1309348344802857,"z":45.980342864990237},"rotation":{"x":0.30370599031448367,"y":-0.2257848083972931,"z":0.0743219256401062,"w":0.9226376414299011},"size":39.25876235961914,"orthographic":false}